date,S&P500,nasdaq,euro50,japan,germany,kospi,gold,CSCI300,indonesia,global bond
2019-12-30,3221.29,8945.99,3748.47,23656.62,13249.01,2197.67,891.4,186.183,6299.539,564.38
2019-12-31,3230.78,8972.6,3745.15,23656.62,13249.01,2197.67,891.31,4096.58,6299.539,565.24
2020-01-01,3230.78,8972.6,3745.15,23656.62,13249.01,2197.67,891.31,4096.58,6299.539,565.24
2020-01-02,3257.85,9092.19,3793.24,23656.62,13385.93,2175.17,891.74,4152.24,6283.581,569.75
2020-01-03,3234.85,9020.77,3773.37,23656.62,13219.14,2176.46,890.1,4144.96,6323.466,566.79
2020-01-04,3234.85,9020.77,3773.37,23656.62,13219.14,2176.46,890.1,4144.96,6323.466,566.79
2020-01-05,3234.85,9020.77,3773.37,23656.62,13219.14,2176.46,890.1,4144.96,6323.466,566.79
2020-01-06,3246.28,9071.47,3752.52,23204.86,13126.99,2155.07,890.63,4129.3,6257.403,566.38
2020-01-07,3237.18,9068.58,3759.25,23575.72,13226.83,2175.54,891.9,4160.23,6279.346,566.15
2020-01-08,3253.05,9129.24,3772.56,23204.76,13320.18,2151.31,892.91,4112.32,6225.686,566.82
2020-01-09,3274.7,9203.43,3795.88,23739.87,13495.06,2186.45,893.87,4164.37,6274.493,570.65
2020-01-10,3265.35,9178.86,3789.52,23850.57,13483.31,2206.39,895.83,4163.18,6274.941,570.45
2020-01-11,3265.35,9178.86,3789.52,23850.57,13483.31,2206.39,895.83,4163.18,6274.941,570.45
2020-01-12,3265.35,9178.86,3789.52,23850.57,13483.31,2206.39,895.83,4163.18,6274.941,570.45
2020-01-13,3288.13,9273.93,3779.68,23850.57,13451.52,2229.26,895.97,4203.99,6296.567,573.33
2020-01-14,3283.15,9251.33,3774.88,24025.17,13456.49,2238.88,896.66,4189.89,6325.406,573.37
2020-01-15,3289.29,9258.7,3768.96,23916.58,13432.3,2230.98,900.27,4166.73,6283.365,573.76
2020-01-16,3316.81,9357.13,3774.14,23933.13,13429.43,2248.05,901.66,4149.04,6286.048,576.89
2020-01-17,3329.62,9388.94,3808.26,24041.26,13526.13,2250.57,900.37,4154.85,6291.657,579.24
2020-01-18,3329.62,9388.94,3808.26,24041.26,13526.13,2250.57,900.37,4154.85,6291.657,579.24
2020-01-19,3329.62,9388.94,3808.26,24041.26,13526.13,2250.57,900.37,4154.85,6291.657,579.24
2020-01-20,3329.62,9388.94,3799.03,24083.51,13548.94,2262.64,900.37,4185.83,6245.043,579.07
2020-01-21,3320.79,9370.81,3789.12,23864.56,13555.87,2239.69,899.95,4114.31,6238.153,576.69
2020-01-22,3321.75,9383.77,3769.79,24031.35,13515.75,2267.25,900.37,4131.93,6233.453,577.29
2020-01-23,3325.54,9402.48,3736.85,23795.44,13388.42,2246.13,900.97,4003.9,6249.21,575.74
2020-01-24,3295.47,9314.91,3779.16,23827.18,13576.68,2246.13,900.95,4003.9,6244.109,573.29
2020-01-25,3295.47,9314.91,3779.16,23827.18,13576.68,2246.13,900.95,4003.9,6244.109,573.29
2020-01-26,3295.47,9314.91,3779.16,23827.18,13576.68,2246.13,900.95,4003.9,6244.109,573.29
2020-01-27,3243.63,9139.31,3677.84,23343.51,13204.77,2246.13,899.73,4003.9,6133.208,564.02
2020-01-28,3276.24,9269.68,3719.22,23215.71,13323.69,2176.72,902.89,4003.9,6111.184,567.4
2020-01-29,3273.4,9275.16,3736.36,23379.4,13345,2185.28,906.91,4003.9,6113.045,567.35
2020-01-30,3283.66,9298.93,3690.78,22977.75,13157.12,2148,909.65,4003.9,6057.596,565.5
2020-01-31,3225.52,9150.94,3640.91,23205.18,12981.97,2119.01,911.27,4003.9,5940.048,558.62
2020-02-01,3225.52,9150.94,3640.91,23205.18,12981.97,2119.01,911.27,4003.9,5940.048,558.62
2020-02-02,3225.52,9150.94,3640.91,23205.18,12981.97,2119.01,911.27,4003.9,5940.048,558.62
2020-02-03,3248.92,9273.4,3661.27,22971.94,13045.19,2118.88,912.19,3688.36,5884.17,560.4
2020-02-04,3297.59,9467.97,3732.28,23084.59,13281.74,2157.9,911.62,3785.64,5922.339,568.65
2020-02-05,3334.69,9508.68,3777.84,23319.56,13478.33,2165.63,912.12,3828.53,5978.51,573.46
2020-02-06,3345.78,9572.15,3805.52,23873.59,13574.82,2227.94,913.03,3899.78,5987.145,576.68
2020-02-07,3327.71,9520.51,3798.49,23827.98,13513.81,2211.95,913.97,3899.87,5999.607,573.55
2020-02-08,3327.71,9520.51,3798.49,23827.98,13513.81,2211.95,913.97,3899.87,5999.607,573.55
2020-02-09,3327.71,9520.51,3798.49,23827.98,13513.81,2211.95,913.97,3899.87,5999.607,573.55
2020-02-10,3352.09,9628.39,3793.18,23685.98,13494.03,2201.07,913.65,3916.01,5952.083,575.02
2020-02-11,3357.75,9638.94,3825.84,23685.98,13627.84,2223.12,914.13,3952.46,5954.397,577.51
2020-02-12,3379.45,9725.96,3854.43,23861.21,13749.78,2238.38,914.82,3984.43,5913.081,581.02
2020-02-13,3373.94,9711.97,3846.74,23827.73,13745.43,2232.96,914.67,3959.92,5871.954,579.74
2020-02-14,3380.16,9731.18,3840.97,23687.59,13744.21,2243.59,918.15,3987.73,5866.945,580.06
2020-02-15,3380.16,9731.18,3840.97,23687.59,13744.21,2243.59,918.15,3987.73,5866.945,580.06
2020-02-16,3380.16,9731.18,3840.97,23687.59,13744.21,2243.59,918.15,3987.73,5866.945,580.06
2020-02-17,3380.16,9731.18,3853.27,23523.24,13783.89,2242.17,918.15,4077.42,5867.523,580.02
2020-02-18,3370.29,9732.74,3836.54,23193.8,13681.19,2208.88,919.84,4057.51,5886.962,577.32
2020-02-19,3386.15,9817.18,3865.18,23400.7,13789,2210.34,920.94,4051.31,5928.791,579.87
2020-02-20,3373.23,9750.97,3822.98,23479.15,13664,2195.5,919.69,4144.66,5942.487,577.03
2020-02-21,3337.75,9576.59,3800.38,23386.74,13579.33,2162.84,923.74,4149.49,5882.255,572.68
2020-02-22,3337.75,9576.59,3800.38,23386.74,13579.33,2162.84,923.74,4149.49,5882.255,572.68
2020-02-23,3337.75,9576.59,3800.38,23386.74,13579.33,2162.84,923.74,4149.49,5882.255,572.68
2020-02-24,3225.89,9221.28,3647.98,23386.74,13035.24,2079.04,924.32,4132.84,5807.05,555.73
2020-02-25,3128.21,8965.61,3572.51,22605.41,12790.49,2103.61,922.19,4123.85,5787.138,542.91
2020-02-26,3116.39,8980.77,3577.68,22426.19,12774.88,2076.77,920.1,4073.02,5688.921,539.82
2020-02-27,2978.76,8566.48,3455.92,21948.23,12367.46,2054.89,911.81,4084.88,5535.694,521.92
2020-02-28,2954.22,8567.37,3329.49,21142.96,11890.35,1987.01,903.77,3940.05,5452.704,512.76
2020-02-29,2954.22,8567.37,3329.49,21142.96,11890.35,1987.01,903.77,3940.05,5452.704,512.76
2020-03-01,2954.22,8567.37,3329.49,21142.96,11890.35,1987.01,903.77,3940.05,5452.704,512.76
2020-03-02,3090.23,8952.17,3338.83,21344.08,11857.87,2002.51,909.24,4069.67,5361.246,528.45
2020-03-03,3003.37,8684.09,3371.97,21082.73,11985.39,2014.15,919.83,4091.36,5518.628,522.21
2020-03-04,3130.12,9018.09,3420.56,21100.06,12127.69,2059.33,929.28,4115.05,5650.136,536.2
2020-03-05,3023.94,8738.59,3363.58,21329.12,11944.72,2085.26,923.26,4206.73,5638.13,525.64
2020-03-06,2972.37,8575.62,3232.07,20749.75,11541.87,2040.22,921.95,4138.51,5498.54,514.88
2020-03-07,2972.37,8575.62,3232.07,20749.75,11541.87,2040.22,921.95,4138.51,5498.54,514.88
2020-03-08,2972.37,8575.62,3232.07,20749.75,11541.87,2040.22,921.95,4138.51,5498.54,514.88
2020-03-09,2746.56,7950.68,2959.07,19698.76,10625.02,1954.77,891.2,3997.13,5136.809,478.5
2020-03-10,2882.23,8344.25,2910.02,19867.12,10475.49,1962.93,892.33,4082.73,5220.826,491.46
2020-03-11,2741.38,7952.05,2905.56,19416.06,10438.68,1908.27,878.13,4028.43,5154.105,473.55
2020-03-12,2480.64,7201.8,2545.23,18559.63,9161.13,1834.33,837.15,3950.91,4895.748,428.5
2020-03-13,2711.02,7874.88,2586.02,17431.05,9232.08,1771.44,840.11,3895.31,4907.571,451.09
2020-03-14,2711.02,7874.88,2586.02,17431.05,9232.08,1771.44,840.11,3895.31,4907.571,451.09
2020-03-15,2711.02,7874.88,2586.02,17431.05,9232.08,1771.44,840.11,3895.31,4907.571,451.09
2020-03-16,2386.13,6904.59,2450.37,17002.04,8742.25,1714.86,814.26,3727.84,4690.657,409.88
2020-03-17,2529.19,7334.78,2530.5,17011.53,8939.1,1672.44,806.69,3709.68,4456.749,424.21
2020-03-18,2398.1,6989.84,2385.82,16726.55,8441.71,1591.2,758.22,3636.26,4330.674,402.73
2020-03-19,2409.39,7150.58,2454.08,16552.83,8610.43,1457.64,745.04,3589.09,4105.422,403.95
2020-03-20,2304.92,6879.52,2548.5,16552.83,8928.95,1566.15,765.82,3653.22,4194.944,397.12
2020-03-21,2304.92,6879.52,2548.5,16552.83,8928.95,1566.15,765.82,3653.22,4194.944,397.12
2020-03-22,2304.92,6879.52,2548.5,16552.83,8928.95,1566.15,765.82,3653.22,4194.944,397.12
2020-03-23,2237.4,6860.67,2485.54,16887.78,8741.15,1482.46,754.54,3530.31,3989.517,384.04
2020-03-24,2447.33,7417.86,2715.11,18092.35,9700.57,1609.97,770.68,3625.12,3937.632,416.27
2020-03-25,2475.56,7384.3,2800.14,19546.63,9874.26,1704.76,806.8,3722.52,3937.632,427.57
2020-03-26,2630.07,7797.54,2847.78,18664.6,10000.96,1686.24,823.97,3698.05,4338.904,447.31
2020-03-27,2541.47,7502.38,2728.65,19389.43,9632.52,1717.73,812.68,3710.06,4545.571,436.6
2020-03-28,2541.47,7502.38,2728.65,19389.43,9632.52,1717.73,812.68,3710.06,4545.571,436.6
2020-03-29,2541.47,7502.38,2728.65,19389.43,9632.52,1717.73,812.68,3710.06,4545.571,436.6
2020-03-30,2626.65,7774.15,2765.62,19084.97,9815.97,1717.12,804.78,3674.11,4414.5,445.04
2020-03-31,2584.59,7700.1,2786.9,18917.01,9935.84,1754.64,814.02,3686.16,4538.93,442.35
2020-04-01,2470.5,7360.58,2680.3,18065.41,9544.75,1685.46,800.02,3675.08,4466.037,426
2020-04-02,2526.9,7487.31,2688.49,17818.72,9570.82,1724.86,800.45,3734.53,4531.685,431.28
2020-04-03,2488.65,7373.08,2662.99,17820.19,9525.77,1725.44,797.84,3713.22,4623.429,425.35
2020-04-04,2488.65,7373.08,2662.99,17820.19,9525.77,1725.44,797.84,3713.22,4623.429,425.35
2020-04-05,2488.65,7373.08,2662.99,17820.19,9525.77,1725.44,797.84,3713.22,4623.429,425.35
2020-04-06,2663.68,7913.24,2795.97,18576.3,10075.17,1791.88,798.56,3713.22,4811.827,448.72
2020-04-07,2659.41,7887.26,2857.67,18950.18,10356.7,1823.6,803.97,3798.02,4778.639,453.09
2020-04-08,2749.98,8090.9,2851.27,19353.24,10332.89,1807.14,803.8,3780.34,4626.695,462.28
2020-04-09,2789.82,8153.58,2892.79,19345.77,10564.74,1836.21,821.96,3792.81,4649.079,469.57
2020-04-10,2789.82,8153.58,2892.79,19498.5,10564.74,1860.7,821.96,3769.18,4649.079,469.87
2020-04-11,2789.82,8153.58,2892.79,19498.5,10564.74,1860.7,821.96,3769.18,4649.079,469.87
2020-04-12,2789.82,8153.58,2892.79,19498.5,10564.74,1860.7,821.96,3769.18,4649.079,469.87
2020-04-13,2761.63,8192.42,2892.79,19043.4,10564.74,1825.76,825.01,3753.26,4623.894,466.36
2020-04-14,2846.06,8515.74,2917.74,19638.81,10696.56,1857.08,829.98,3825.7,4706.491,477.7
2020-04-15,2783.36,8393.18,2808.2,19550.09,10279.76,1857.08,821.55,3797.36,4625.905,467.4
2020-04-16,2799.55,8532.36,2812.35,19290.2,10301.54,1857.07,818.92,3802.38,4480.607,468.06
2020-04-17,2874.56,8650.14,2888.3,19897.26,10625.78,1914.53,824.48,3839.49,4634.821,480.27
2020-04-18,2874.56,8650.14,2888.3,19897.26,10625.78,1914.53,824.48,3839.49,4634.821,480.27
2020-04-19,2874.56,8650.14,2888.3,19897.26,10625.78,1914.53,824.48,3839.49,4634.821,480.27
2020-04-20,2823.16,8560.73,2909.5,19669.12,10675.9,1898.36,823.95,3853.46,4575.905,475.21
2020-04-21,2736.56,8263.23,2791.34,19280.78,10249.85,1879.38,816.75,3808.05,4501.919,460.91
2020-04-22,2799.31,8495.38,2834.9,19137.95,10415.03,1896.15,812.38,3839.38,4567.562,469.13
2020-04-23,2797.8,8494.75,2852.46,19429.44,10513.79,1914.73,810.6,3829.75,4593.554,470.61
2020-04-24,2836.74,8634.52,2809.07,19262,10336.09,1889.01,808.85,3796.97,4496.064,472.62
2020-04-25,2836.74,8634.52,2809.07,19262,10336.09,1889.01,808.85,3796.97,4496.064,472.62
2020-04-26,2836.74,8634.52,2809.07,19262,10336.09,1889.01,808.85,3796.97,4496.064,472.62
2020-04-27,2878.48,8730.16,2882.09,19783.22,10659.99,1922.77,807.15,3822.77,4513.141,480.94
2020-04-28,2863.39,8607.73,2932.06,19771.19,10795.63,1934.09,808.33,3849.15,4529.554,481.58
2020-04-29,2939.51,8914.71,2996.08,19771.19,11107.74,1947.56,814.58,3867.03,4567.323,492.6
2020-04-30,2912.43,8889.55,2927.93,20193.69,10861.64,1947.56,821.17,3912.58,4716.403,489.17
2020-05-01,2830.71,8604.95,2927.93,19619.35,10861.64,1947.56,819,3912.58,4716.403,478.56
2020-05-02,2830.71,8604.95,2927.93,19619.35,10861.64,1947.56,819,3912.58,4716.403,478.56
2020-05-03,2830.71,8604.95,2927.93,19619.35,10861.64,1947.56,819,3912.58,4716.403,478.56
2020-05-04,2842.74,8710.72,2816.48,19619.35,10466.8,1895.37,817.49,3912.58,4605.487,475.28
2020-05-05,2868.44,8809.12,2875.91,19619.35,10729.46,1895.37,824.95,3912.58,4630.133,480.04
2020-05-06,2848.42,8854.39,2843.76,19619.35,10606.2,1928.76,823.03,3936.25,4608.79,478.02
2020-05-07,2881.19,8979.66,2880.6,19674.77,10759.27,1928.61,827.24,3924.9,4608.79,481.8
2020-05-08,2929.8,9121.32,2908.11,20179.09,10904.48,1945.82,831.15,3963.62,4597.43,490.24
2020-05-09,2929.8,9121.32,2908.11,20179.09,10904.48,1945.82,831.15,3963.62,4597.43,490.24
2020-05-10,2929.8,9121.32,2908.11,20179.09,10904.48,1945.82,831.15,3963.62,4597.43,490.24
2020-05-11,2930.32,9192.34,2883.75,20390.66,10824.99,1935.4,836.15,3960.18,4639.105,490.25
2020-05-12,2870.12,9002.55,2884.2,20366.48,10819.5,1922.17,839.6,3960.24,4588.734,484.24
2020-05-13,2820,8863.17,2810.55,20267.05,10542.66,1940.42,836.87,3968.25,4554.359,476.76
2020-05-14,2852.5,8943.72,2760.23,19914.78,10337.02,1924.96,833.07,3925.22,4513.834,476.54
2020-05-15,2863.7,9014.56,2770.7,20037.47,10465.17,1927.28,839.47,3912.82,4507.607,478.35
2020-05-16,2863.7,9014.56,2770.7,20037.47,10465.17,1927.28,839.47,3912.82,4507.607,478.35
2020-05-17,2863.7,9014.56,2770.7,20037.47,10465.17,1927.28,839.47,3912.82,4507.607,478.35
2020-05-18,2953.91,9234.83,2911.88,20133.73,11058.87,1937.11,849.49,3922.91,4511.058,491.79
2020-05-19,2922.94,9185.1,2902.58,20433.45,11075.29,1980.61,852.11,3956.25,4548.656,490.98
2020-05-20,2971.61,9375.78,2942.39,20595.15,11223.71,1989.64,861.41,3935.22,4545.952,497.81
2020-05-21,2948.51,9284.88,2904.98,20552.31,11065.93,1998.31,870.02,3913.8,4545.952,493.95
2020-05-22,2955.45,9324.59,2905.47,20388.16,11073.87,1970.13,868.55,3824.06,4545.952,491.94
2020-05-23,2955.45,9324.59,2905.47,20388.16,11073.87,1970.13,868.55,3824.06,4545.952,491.94
2020-05-24,2955.45,9324.59,2905.47,20388.16,11073.87,1970.13,868.55,3824.06,4545.952,491.94
2020-05-25,2955.45,9324.59,2971.35,20741.65,11391.28,1994.6,868.55,3829.32,4545.952,494.41
2020-05-26,2991.77,9340.22,2999.22,21271.17,11504.65,2029.78,874.01,3872.77,4626.799,502.18
2020-05-27,3036.13,9412.36,3051.08,21419.23,11657.69,2031.2,873.17,3845.61,4641.555,506.98
2020-05-28,3029.73,9368.99,3094.47,21916.31,11781.13,2028.54,872.34,3856.63,4716.185,509.25
2020-05-29,3044.31,9489.87,3050.2,21877.89,11586.85,2029.6,872.71,3867.02,4753.612,509.47
2020-05-30,3044.31,9489.87,3050.2,21877.89,11586.85,2029.6,872.71,3867.02,4753.612,509.47
2020-05-31,3044.31,9489.87,3050.2,21877.89,11586.85,2029.6,872.71,3867.02,4753.612,509.47
2020-06-01,3055.73,9552.05,3077.92,22062.39,11586.85,2065.08,875.23,3971.34,4753.612,514.18
2020-06-02,3080.82,9608.38,3159.02,22325.61,12021.28,2087.19,881.43,3983.57,4847.507,520.06
2020-06-03,3122.87,9682.91,3269.59,22613.76,12487.36,2147,890.76,3983.65,4941.006,528.8
2020-06-04,3112.35,9615.81,3261.67,22695.74,12430.56,2151.18,889.19,3982.19,4916.704,528.01
2020-06-05,3193.93,9814.08,3384.29,22863.73,12847.68,2181.87,890.63,4001.25,4947.782,539
2020-06-06,3193.93,9814.08,3384.29,22863.73,12847.68,2181.87,890.63,4001.25,4947.782,539
2020-06-07,3193.93,9814.08,3384.29,22863.73,12847.68,2181.87,890.63,4001.25,4947.782,539
2020-06-08,3232.39,9924.75,3366.29,23178.1,12819.59,2184.29,894.77,4021.95,5070.561,543.77
2020-06-09,3207.18,9953.75,3320.71,23091.03,12617.99,2188.92,891.21,4047.03,5035.055,541.23
2020-06-10,3190.14,10020.35,3293.71,23124.95,12530.16,2195.69,891.34,4039.71,4920.682,539.76
2020-06-11,3002.1,9492.73,3144.57,22472.91,11970.29,2176.78,881.72,3995.88,4854.754,514.89
2020-06-12,3041.31,9588.81,3153.74,22305.48,11949.28,2132.3,881.97,4003.08,4880.359,516.57
2020-06-13,3041.31,9588.81,3153.74,22305.48,11949.28,2132.3,881.97,4003.08,4880.359,516.57
2020-06-14,3041.31,9588.81,3153.74,22305.48,11949.28,2132.3,881.97,4003.08,4880.359,516.57
2020-06-15,3066.59,9726.02,3136.4,21530.95,11911.35,2030.82,878.41,3954.99,4816.336,516.71
2020-06-16,3124.74,9895.87,3242.65,22582.21,12315.66,2138.05,888.34,4014.57,4986.458,528.2
2020-06-17,3113.49,9910.53,3267.26,22455.76,12382.14,2141.05,887.84,4017.59,4987.776,528.25
2020-06-18,3115.34,9943.05,3249.9,22355.46,12281.53,2133.48,887.65,4044.38,4925.248,527.81
2020-06-19,3097.74,9946.12,3269.1,22478.79,12330.76,2141.32,889.49,4098.71,4942.275,526.81
2020-06-20,3097.74,9946.12,3269.1,22478.79,12330.76,2141.32,889.49,4098.71,4942.275,526.81
2020-06-21,3097.74,9946.12,3269.1,22478.79,12330.76,2141.32,889.49,4098.71,4942.275,526.81
2020-06-22,3117.86,10056.47,3241.69,22437.27,12262.97,2126.73,889.78,4102.05,4918.831,528.59
2020-06-23,3131.29,10131.37,3298.83,22549.05,12523.76,2131.24,892.01,4121.79,4879.133,533.33
2020-06-24,3050.33,9909.17,3196.12,22534.32,12093.94,2161.51,889.01,4138.99,4964.735,521.38
2020-06-25,3083.76,10017,3218.91,22259.79,12177.87,2112.37,887.54,4138.99,4896.73,523.75
2020-06-26,3009.05,9757.22,3204.17,22512.08,12089.39,2134.65,887.73,4138.99,4904.088,515.81
2020-06-27,3009.05,9757.22,3204.17,22512.08,12089.39,2134.65,887.73,4138.99,4904.088,515.81
2020-06-28,3009.05,9757.22,3204.17,22512.08,12089.39,2134.65,887.73,4138.99,4904.088,515.81
2020-06-29,3053.24,9874.15,3232.02,21995.04,12232.12,2093.48,887.17,4109.72,4901.818,519.53
2020-06-30,3100.29,10058.77,3234.07,22288.14,12310.93,2108.33,887.73,4163.96,4905.392,524.91
2020-07-01,3115.86,10154.63,3228.45,22121.73,12260.57,2106.7,890.74,4247.78,4914.388,527.28
2020-07-02,3130.01,10207.63,3320.09,22145.96,12608.46,2135.37,894.65,4335.84,4966.78,532.14
2020-07-03,3130.01,10207.63,3294.38,22306.48,12528.18,2152.41,894.65,4419.6,4973.794,532.5
2020-07-04,3130.01,10207.63,3294.38,22306.48,12528.18,2152.41,894.65,4419.6,4973.794,532.5
2020-07-05,3130.01,10207.63,3294.38,22306.48,12528.18,2152.41,894.65,4419.6,4973.794,532.5
2020-07-06,3179.72,10433.65,3350.03,22714.44,12733.45,2187.93,897.77,4670.09,4988.866,542.19
2020-07-07,3145.32,10343.89,3321.56,22614.69,12616.8,2164.17,896.49,4698.13,4987.082,537.26
2020-07-08,3169.94,10492.5,3286.09,22438.65,12494.81,2158.88,896.82,4774,5076.174,540.37
2020-07-09,3152.05,10547.75,3261.17,22529.29,12489.46,2167.9,895.13,4840.77,5052.794,538.49
2020-07-10,3185.04,10617.44,3296.22,22290.81,12633.71,2150.25,893.65,4753.13,5031.256,541.77
2020-07-11,3185.04,10617.44,3296.22,22290.81,12633.71,2150.25,893.65,4753.13,5031.256,541.77
2020-07-12,3185.04,10617.44,3296.22,22290.81,12633.71,2150.25,893.65,4753.13,5031.256,541.77
2020-07-13,3155.22,10390.84,3350,22784.74,12799.97,2186.06,894.96,4852.96,5064.447,540.68
2020-07-14,3197.52,10488.58,3321.39,22587.01,12697.36,2183.61,892.57,4806.69,5079.122,543.47
2020-07-15,3226.56,10550.49,3378.21,22945.5,12930.98,2201.88,897.09,4744.47,5075.798,549.79
2020-07-16,3215.57,10473.83,3365.35,22770.36,12874.97,2183.76,899.31,4516.25,5098.374,546.39
2020-07-17,3224.73,10503.19,3365.6,22696.42,12919.61,2201.19,902.13,4544.7,5079.585,548.05
2020-07-18,3224.73,10503.19,3365.6,22696.42,12919.61,2201.19,902.13,4544.7,5079.585,548.05
2020-07-19,3224.73,10503.19,3365.6,22696.42,12919.61,2201.19,902.13,4544.7,5079.585,548.05
2020-07-20,3251.84,10767.09,3388.34,22717.48,13046.92,2198.2,905.85,4680.3,5051.106,552.64
2020-07-21,3257.3,10680.36,3405.35,22884.22,13171.83,2228.83,912.87,4691.04,5114.709,555.81
2020-07-22,3276.02,10706.13,3370.76,22751.61,13104.25,2228.66,916.73,4714.45,5110.187,556.59
2020-07-23,3235.66,10461.42,3371.74,22751.61,13103.39,2216.19,917.53,4712.44,5145.011,552.47
2020-07-24,3215.63,10363.18,3310.89,22751.61,12838.06,2200.44,914.83,4505.59,5082.991,547.9
2020-07-25,3215.63,10363.18,3310.89,22751.61,12838.06,2200.44,914.83,4505.59,5082.991,547.9
2020-07-26,3215.63,10363.18,3310.89,22751.61,12838.06,2200.44,914.83,4505.59,5082.991,547.9
2020-07-27,3239.41,10536.27,3302.84,22715.85,12838.66,2217.86,916.15,4528.45,5116.666,552.91
2020-07-28,3218.44,10402.09,3303.56,22657.38,12835.28,2256.99,913.29,4568.26,5112.989,551.03
2020-07-29,3258.44,10542.94,3300.16,22397.11,12822.26,2263.16,915.25,4679.01,5111.113,555.47
2020-07-30,3246.22,10587.81,3208.2,22339.23,12379.65,2267.01,914.64,4656.15,5149.627,551.89
2020-07-31,3271.12,10745.27,3174.32,21710,12313.36,2249.37,918.38,4695.05,5149.627,551.89
2020-08-01,3271.12,10745.27,3174.32,21710,12313.36,2249.37,918.38,4695.05,5149.627,551.89
2020-08-02,3271.12,10745.27,3174.32,21710,12313.36,2249.37,918.38,4695.05,5149.627,551.89
2020-08-03,3294.61,10902.8,3248.28,22195.38,12646.98,2251.04,920.46,4771.31,5006.223,555.83
2020-08-04,3306.51,10941.17,3254.29,22573.66,12600.87,2279.97,925.93,4775.8,5075.002,559.25
2020-08-05,3327.77,10998.4,3268.38,22514.85,12660.25,2311.86,930.88,4777.11,5127.051,564.11
2020-08-06,3349.16,11108.07,3240.39,22418.15,12591.68,2342.61,931.84,4762.76,5178.272,565.17
2020-08-07,3351.28,11010.98,3252.65,22329.94,12674.88,2351.67,931.83,4707.93,5143.893,563.24
2020-08-08,3351.28,11010.98,3252.65,22329.94,12674.88,2351.67,931.83,4707.93,5143.893,563.24
2020-08-09,3351.28,11010.98,3252.65,22329.94,12674.88,2351.67,931.83,4707.93,5143.893,563.24
2020-08-10,3360.47,10968.36,3259.71,22329.94,12687.53,2386.38,935.26,4724.87,5157.834,564.08
2020-08-11,3333.69,10782.82,3332.12,22750.24,12946.89,2418.67,936.38,4681.78,5190.166,564.09
2020-08-12,3380.35,11012.24,3363.18,22843.96,13058.63,2432.35,932.86,4647.64,5233.452,571.04
2020-08-13,3373.43,11042.5,3342.85,23249.61,12993.71,2437.53,931.86,4635.71,5239.25,570.82
2020-08-14,3372.85,11019.3,3305.05,23289.36,12901.34,2407.49,926.23,4704.63,5247.69,569.4
2020-08-15,3372.85,11019.3,3305.05,23289.36,12901.34,2407.49,926.23,4704.63,5247.69,569.4
2020-08-16,3372.85,11019.3,3305.05,23289.36,12901.34,2407.49,926.23,4704.63,5247.69,569.4
2020-08-17,3381.99,11129.73,3305.85,23096.75,12920.66,2407.49,923.45,4815.23,5247.69,571.88
2020-08-18,3389.78,11210.84,3289.64,23051.08,12881.76,2348.24,922.21,4812.76,5295.174,573.33
2020-08-19,3374.85,11146.46,3317.62,23110.61,12977.33,2360.54,924.44,4740.68,5272.81,571.95
2020-08-20,3385.51,11264.95,3273.98,22880.62,12830,2274.22,921.79,4679.15,5272.81,569.62
2020-08-21,3397.16,11311.8,3259.75,22920.3,12764.8,2304.59,923.86,4718.84,5272.81,570.97
2020-08-22,3397.16,11311.8,3259.75,22920.3,12764.8,2304.59,923.86,4718.84,5272.81,570.97
2020-08-23,3397.16,11311.8,3259.75,22920.3,12764.8,2304.59,923.86,4718.84,5272.81,570.97
2020-08-24,3431.28,11379.72,3331.74,22985.51,13066.54,2329.83,926.68,4755.85,5277.041,577.24
2020-08-25,3443.62,11466.47,3329.71,23296.77,13061.62,2366.73,923.38,4761.95,5338.888,578.89
2020-08-26,3478.73,11665.06,3356.76,23290.86,13190.15,2369.32,920.92,4706.13,5340.328,584.03
2020-08-27,3484.55,11625.34,3331.04,23208.86,13096.36,2344.45,919.83,4731.35,5371.472,583.21
2020-08-28,3508.01,11695.63,3315.54,22882.65,13033.2,2353.8,919.67,4844.27,5346.659,586.44
2020-08-29,3508.01,11695.63,3315.54,22882.65,13033.2,2353.8,919.67,4844.27,5346.659,586.44
2020-08-30,3508.01,11695.63,3315.54,22882.65,13033.2,2353.8,919.67,4844.27,5346.659,586.44
2020-08-31,3500.31,11775.46,3272.51,23139.76,12945.38,2326.17,921.26,4816.22,5238.487,584.86
2020-09-01,3526.65,11939.67,3277.58,23138.07,12974.25,2349.55,927.6,4842.12,5310.679,588.52
2020-09-02,3580.84,12056.44,3337.77,23247.15,13243.43,2364.37,932.04,4843.89,5311.97,594.06
2020-09-03,3455.06,11458.1,3304.22,23465.53,13057.77,2395.9,930.45,4817.1,5280.813,579.12
2020-09-04,3426.96,11313.13,3260.59,23205.43,12842.66,2368.25,926.93,4770.22,5239.851,573.04
2020-09-05,3426.96,11313.13,3260.59,23205.43,12842.66,2368.25,926.93,4770.22,5239.851,573.04
2020-09-06,3426.96,11313.13,3260.59,23205.43,12842.66,2368.25,926.93,4770.22,5239.851,573.04
2020-09-07,3426.96,11313.13,3314.07,23089.95,13100.28,2384.22,926.93,4669.37,5230.196,574.49
2020-09-08,3331.84,10847.69,3267.37,23274.13,12968.33,2401.91,923.76,4694.39,5244.072,562.81
2020-09-09,3398.96,11141.56,3324.83,23032.54,13237.21,2375.81,924.83,4584.59,5149.376,570.93
2020-09-10,3339.19,10919.59,3312.77,23235.47,13208.89,2396.48,925.67,4581.98,4891.461,565.47
2020-09-11,3340.97,10853.54,3315.81,23406.49,13202.84,2396.69,924.96,4627.28,5016.712,565.96
2020-09-12,3340.97,10853.54,3315.81,23406.49,13202.84,2396.69,924.96,4627.28,5016.712,565.96
2020-09-13,3340.97,10853.54,3315.81,23406.49,13202.84,2396.69,924.96,4627.28,5016.712,565.96
2020-09-14,3383.54,11056.65,3316.79,23559.3,13193.66,2427.91,924.43,4651.05,5161.828,572.68
2020-09-15,3401.2,11190.32,3332.26,23454.89,13217.67,2443.58,926.15,4688.48,5100.865,575.64
2020-09-16,3385.49,11050.47,3338.84,23475.53,13255.37,2435.92,923.37,4657.36,5058.482,574.99
2020-09-17,3357.01,10910.28,3316.57,23319.37,13208.12,2406.17,917.77,4632.71,5038.401,570.16
2020-09-18,3319.47,10793.28,3283.69,23360.3,13116.25,2412.4,915.29,4737.09,5059.223,567.02
2020-09-19,3319.47,10793.28,3283.69,23360.3,13116.25,2412.4,915.29,4737.09,5059.223,567.02
2020-09-20,3319.47,10793.28,3283.69,23360.3,13116.25,2412.4,915.29,4737.09,5059.223,567.02
2020-09-21,3281.06,10778.8,3160.95,23360.3,12542.44,2389.39,904.16,4691.43,4999.36,557.79
2020-09-22,3315.57,10963.64,3164.13,23360.3,12594.39,2332.59,901.06,4635.76,4934.093,560.21
2020-09-23,3236.92,10632.99,3180.11,23346.49,12642.97,2333.24,895.14,4652.33,4917.955,551.97
2020-09-24,3246.59,10672.27,3159.64,23087.82,12606.57,2272.7,894.99,4563.07,4842.756,549.57
2020-09-25,3298.46,10913.56,3137.06,23204.62,12469.2,2278.79,899.86,4570.02,4945.791,555.21
2020-09-26,3298.46,10913.56,3137.06,23204.62,12469.2,2278.79,899.86,4570.02,4945.791,555.21
2020-09-27,3298.46,10913.56,3137.06,23204.62,12469.2,2278.79,899.86,4570.02,4945.791,555.21
2020-09-28,3351.6,11117.53,3223.19,23511.62,12870.87,2308.08,899.46,4581.91,4906.548,564.18
2020-09-29,3335.47,11085.25,3214.3,23539.1,12825.82,2327.89,899.98,4591.8,4879.098,562.7
2020-09-30,3363,11167.51,3193.61,23185.12,12760.73,2327.89,903.27,4587.4,4870.039,565.15
2020-10-01,3380.8,11326.51,3194.09,23185.12,12730.77,2327.89,903.53,4587.4,4970.094,568
2020-10-02,3348.44,11075.02,3190.93,23029.9,12689.04,2327.89,902.71,4587.4,4926.734,564.11
2020-10-03,3348.44,11075.02,3190.93,23029.9,12689.04,2327.89,902.71,4587.4,4926.734,564.11
2020-10-04,3348.44,11075.02,3190.93,23029.9,12689.04,2327.89,902.71,4587.4,4926.734,564.11
2020-10-05,3408.63,11332.49,3220.22,23312.14,12828.31,2358,904.58,4587.4,4958.769,573.33
2020-10-06,3360.95,11154.6,3233.3,23433.73,12906.02,2365.9,905.03,4587.4,4999.221,569.67
2020-10-07,3419.45,11364.6,3233.43,23422.82,12928.57,2386.94,905.15,4587.4,5004.327,575.64
2020-10-08,3446.83,11420.98,3255.76,23647.07,13042.21,2391.96,908.57,4587.4,5039.142,580.01
2020-10-09,3477.13,11579.94,3273.12,23619.69,13051.23,2391.96,912.38,4681.14,5053.663,584.6
2020-10-10,3477.13,11579.94,3273.12,23619.69,13051.23,2391.96,912.38,4681.14,5053.663,584.6
2020-10-11,3477.13,11579.94,3273.12,23619.69,13051.23,2391.96,912.38,4681.14,5053.663,584.6
2020-10-12,3534.22,11876.26,3298.12,23558.69,13138.41,2403.73,912.38,4823.16,5093.099,591.86
2020-10-13,3511.93,11863.9,3279.19,23601.78,13018.99,2403.15,914.66,4839.2,5132.572,588.94
2020-10-14,3488.67,11768.73,3273.28,23626.73,13028.06,2380.48,914.42,4807.1,5176.099,586.67
2020-10-15,3483.34,11713.87,3192.69,23507.23,12703.75,2361.21,913.75,4798.74,5105.15,582
2020-10-16,3483.81,11671.56,3245.47,23410.63,12908.99,2341.53,915.1,4791.68,5103.414,583.11
2020-10-17,3483.81,11671.56,3245.47,23410.63,12908.99,2341.53,915.1,4791.68,5103.414,583.11
2020-10-18,3483.81,11671.56,3245.47,23410.63,12908.99,2341.53,915.1,4791.68,5103.414,583.11
2020-10-19,3426.92,11478.88,3242.51,23671.13,12854.66,2346.74,913.44,4755.49,5126.33,578.68
2020-10-20,3443.12,11516.49,3227.87,23567.04,12736.95,2358.41,911.48,4793.47,5099.84,580.11
2020-10-21,3435.56,11484.69,3180.7,23639.46,12557.64,2370.86,908.41,4792.83,5096.446,579.35
2020-10-22,3453.49,11506.01,3171.41,23474.27,12543.06,2355.05,905.88,4777.98,5091.816,579.92
2020-10-23,3465.39,11548.28,3198.86,23516.59,12645.75,2360.81,905.48,4718.49,5112.188,581.91
2020-10-24,3465.39,11548.28,3198.86,23516.59,12645.75,2360.81,905.48,4718.49,5112.188,581.91
2020-10-25,3465.39,11548.28,3198.86,23516.59,12645.75,2360.81,905.48,4718.49,5112.188,581.91
2020-10-26,3400.97,11358.94,3105.25,23494.34,12177.18,2343.91,904.24,4691.24,5144.049,573.07
2020-10-27,3390.68,11431.35,3070.6,23485.8,12063.57,2330.84,906.51,4699.28,5128.225,571.53
2020-10-28,3271.03,11004.87,2963.54,23418.51,11560.51,2345.26,902.08,4737.27,5128.225,554.99
2020-10-29,3310.11,11185.59,2960.03,23331.94,11598.07,2326.67,900.39,4772.92,5128.225,557.41
2020-10-30,3269.96,10911.59,2958.21,22977.13,11556.48,2267.15,898.69,4695.33,5128.225,551
2020-10-31,3269.96,10911.59,2958.21,22977.13,11556.48,2267.15,898.69,4695.33,5128.225,551
2020-11-01,3269.96,10911.59,2958.21,22977.13,11556.48,2267.15,898.69,4695.33,5128.225,551
2020-11-02,3310.24,10957.61,3019.54,23295.48,11788.28,2300.16,899.04,4720.83,5115.128,557.84
2020-11-03,3369.16,11160.57,3098.72,23295.48,12088.98,2343.31,902.11,4777.56,5159.452,568.09
2020-11-04,3443.44,11590.78,3161.07,23695.23,12324.22,2357.32,913.6,4813.66,5105.199,578.92
2020-11-05,3510.45,11890.93,3215.56,24105.28,12568.09,2413.79,924.37,4885.11,5260.326,591.38
2020-11-06,3509.44,11895.23,3204.05,24325.23,12480.02,2416.5,921.79,4885.72,5335.529,592.76
2020-11-07,3509.44,11895.23,3204.05,24325.23,12480.02,2416.5,921.79,4885.72,5335.529,592.76
2020-11-08,3509.44,11895.23,3204.05,24325.23,12480.02,2416.5,921.79,4885.72,5335.529,592.76
2020-11-09,3550.5,11713.78,3407.91,24839.84,13095.97,2447.2,930.17,4981.35,5356.005,600.49
2020-11-10,3545.53,11553.86,3442.62,24905.59,13163.11,2452.83,928.61,4953.88,5462.739,600.74
2020-11-11,3572.66,11786.43,3467.3,25349.6,13216.18,2485.87,928.61,4904.9,5509.513,605.09
2020-11-12,3537.01,11709.59,3428.2,25520.88,13052.95,2475.62,936.19,4908.46,5458.602,601.32
2020-11-13,3585.15,11829.29,3432.07,25385.87,13076.72,2493.87,937.47,4856.85,5461.058,605.92
2020-11-14,3585.15,11829.29,3432.07,25385.87,13076.72,2493.87,937.47,4856.85,5461.058,605.92
2020-11-15,3585.15,11829.29,3432.07,25385.87,13076.72,2493.87,937.47,4856.85,5461.058,605.92
2020-11-16,3626.91,11924.13,3466.21,25906.93,13138.61,2543.03,938.67,4904.17,5494.872,613.61
2020-11-17,3609.53,11899.34,3468.48,26014.62,13133.47,2539.15,935.63,4894.79,5529.94,612.86
2020-11-18,3567.79,11801.6,3482.17,25728.14,13201.89,2545.64,936.99,4891.67,5557.518,610.11
2020-11-19,3581.87,11904.71,3451.97,25634.34,13086.16,2547.42,937.82,4927.99,5594.059,610.27
2020-11-20,3557.54,11854.97,3467.6,25527.37,13137.25,2553.5,938.61,4943.29,5571.656,609.52
2020-11-21,3557.54,11854.97,3467.6,25527.37,13137.25,2553.5,938.61,4943.29,5571.656,609.52
2020-11-22,3557.54,11854.97,3467.6,25527.37,13137.25,2553.5,938.61,4943.29,5571.656,609.52
2020-11-23,3577.59,11880.63,3463.04,25527.37,13126.97,2602.59,936.91,5005.03,5652.764,611.69
2020-11-24,3635.41,12036.79,3507.98,26165.59,13292.44,2617.76,936.49,4974.29,5701.029,620.47
2020-11-25,3629.65,12094.4,3511.9,26296.86,13289.8,2601.54,935.7,4910.7,5679.247,620.49
2020-11-26,3629.65,12094.4,3510.94,26537.31,13286.57,2625.91,935.7,4919.59,5759.916,621.32
2020-11-27,3638.35,12205.85,3527.79,26644.71,13335.68,2633.45,937.62,4980.77,5783.335,623.76
2020-11-28,3638.35,12205.85,3527.79,26644.71,13335.68,2633.45,937.62,4980.77,5783.335,623.76
2020-11-29,3638.35,12205.85,3527.79,26644.71,13335.68,2633.45,937.62,4980.77,5783.335,623.76
2020-11-30,3621.63,12198.74,3492.54,26433.62,13291.16,2591.34,935.86,4960.25,5612.415,618.27
2020-12-01,3662.45,12355.11,3525.24,26787.54,13382.3,2634.25,936.63,5067.1,5724.742,624.91
2020-12-02,3669.01,12349.37,3521.32,26800.98,13313.24,2675.9,936.35,5067.14,5813.987,626.25
2020-12-03,3666.72,12377.18,3517.1,26809.37,13252.86,2696.22,938.91,5057.06,5822.942,628.5
2020-12-04,3699.12,12464.23,3539.27,26751.24,13298.96,2731.45,939.62,5065.92,5810.483,633.09
2020-12-05,3699.12,12464.23,3539.27,26751.24,13298.96,2731.45,939.62,5065.92,5810.483,633.09
2020-12-06,3699.12,12464.23,3539.27,26751.24,13298.96,2731.45,939.62,5065.92,5810.483,633.09
2020-12-07,3691.96,12519.95,3530.08,26547.44,13271,2745.44,938.04,5022.24,5930.759,632.46
2020-12-08,3702.25,12582.77,3525.87,26467.08,13278.49,2700.93,937.01,5009.88,5944.409,633.81
2020-12-09,3672.82,12338.95,3529.02,26817.94,13340.26,2755.47,936.61,4942.7,5944.409,630.89
2020-12-10,3668.1,12405.81,3522.31,26756.24,13295.73,2746.46,938.04,4940.52,5933.698,631.05
2020-12-11,3663.46,12377.87,3485.84,26652.52,13114.3,2770.06,940.01,4889.63,5938.329,629.83
2020-12-12,3663.46,12377.87,3485.84,26652.52,13114.3,2770.06,940.01,4889.63,5938.329,629.83
2020-12-13,3663.46,12377.87,3485.84,26652.52,13114.3,2770.06,940.01,4889.63,5938.329,629.83
2020-12-14,3647.49,12440.04,3503.96,26732.44,13223.16,2762.2,941.99,4934.84,6012.516,628.84
2020-12-15,3694.62,12595.06,3521.5,26687.84,13362.87,2756.82,944.12,4945.1,6010.128,633.89
2020-12-16,3701.17,12658.19,3543,26757.4,13565.98,2771.79,946.86,4953.87,6118.402,637.1
2020-12-17,3722.48,12764.75,3560.87,26806.67,13667.25,2770.43,949,5017.48,6113.382,641.89
2020-12-18,3709.41,12755.64,3545.74,26763.39,13630.51,2772.18,949.9,4999.97,6104.324,639.8
2020-12-19,3709.41,12755.64,3545.74,26763.39,13630.51,2772.18,949.9,4999.97,6104.324,639.8
2020-12-20,3709.41,12755.64,3545.74,26763.39,13630.51,2772.18,949.9,4999.97,6104.324,639.8
2020-12-21,3694.92,12742.52,3448.68,26714.42,13246.3,2778.65,948.67,5046.84,6165.624,634.6
2020-12-22,3687.26,12807.92,3497.49,26436.39,13418.11,2733.68,949.63,4964.77,6023.289,633.65
2020-12-23,3690.01,12771.11,3539.26,26524.79,13587.23,2759.82,950.33,5007.12,6008.709,636.01
2020-12-24,3703.06,12804.73,3543.28,26668.35,13587.23,2806.86,950.71,5000.02,6008.709,637.3
2020-12-25,3703.06,12804.73,3543.28,26656.61,13587.23,2806.86,950.71,5042.01,6008.709,637.46
2020-12-26,3703.06,12804.73,3543.28,26656.61,13587.23,2806.86,950.71,5042.01,6008.709,637.46
2020-12-27,3703.06,12804.73,3543.28,26656.61,13587.23,2806.86,950.71,5042.01,6008.709,637.46
2020-12-28,3735.36,12899.42,3575.41,26854.03,13790.29,2808.6,950.54,5064.41,6093.554,640.92
2020-12-29,3727.04,12850.22,3581.37,27568.15,13761.38,2820.51,952.07,5042.94,6036.174,643
2020-12-30,3732.04,12870,3571.59,27444.17,13718.78,2873.47,953.14,5113.71,5979.073,645.29
2020-12-31,3756.07,12888.28,3552.64,27444.17,13718.78,2873.47,954.17,5211.29,5979.073,646.27
2021-01-01,3756.07,12888.28,3552.64,27444.17,13718.78,2873.47,954.17,5211.29,5979.073,646.3
2021-01-02,3756.07,12888.28,3552.64,27444.17,13718.78,2873.47,954.17,5211.29,5979.073,646.3
2021-01-03,3756.07,12888.28,3552.64,27444.17,13718.78,2873.47,954.17,5211.29,5979.073,646.3
2021-01-04,3700.65,12698.45,3564.39,27258.38,13726.74,2944.45,953.38,5267.72,6104.898,642.98
2021-01-05,3726.86,12818.96,3547.85,27158.63,13651.22,2990.57,949.69,5368.51,6137.343,646.96
2021-01-06,3748.14,12740.79,3611.08,27055.94,13891.97,2968.21,945.06,5417.67,6065.682,649.85
2021-01-07,3803.79,13067.48,3622.42,27490.13,13968.24,3031.68,942.16,5513.66,6153.633,657.53
2021-01-08,3824.68,13201.98,3645.05,28139.03,14049.53,3152.18,941.29,5495.43,6257.835,663.59
2021-01-09,3824.68,13201.98,3645.05,28139.03,14049.53,3152.18,941.29,5495.43,6257.835,663.59
2021-01-10,3824.68,13201.98,3645.05,28139.03,14049.53,3152.18,941.29,5495.43,6257.835,663.59
2021-01-11,3799.61,13036.43,3620.62,28139.03,13936.66,3148.45,937.78,5441.16,6382.937,658.48
2021-01-12,3801.19,13072.43,3612.13,28164.34,13925.06,3125.95,931.87,5596.35,6395.669,659.65
2021-01-13,3809.84,13128.95,3616.51,28456.59,13939.71,3148.29,934.46,5577.97,6435.205,661.49
2021-01-14,3795.54,13112.64,3641.37,28698.26,13988.7,3149.93,934.52,5470.46,6428.315,661.56
2021-01-15,3768.25,12998.5,3599.55,28519.18,13787.73,3085.9,933.45,5458.08,6373.412,655.86
2021-01-16,3768.25,12998.5,3599.55,28519.18,13787.73,3085.9,933.45,5458.08,6373.412,655.86
2021-01-17,3768.25,12998.5,3599.55,28519.18,13787.73,3085.9,933.45,5458.08,6373.412,655.86
2021-01-18,3768.25,12998.5,3602.67,28242.21,13848.35,3013.93,933.45,5518.52,6389.834,655.65
2021-01-19,3798.91,13197.18,3595.42,28633.46,13815.06,3092.66,935,5437.52,6321.856,661.09
2021-01-20,3851.85,13457.25,3624.04,28523.26,13921.37,3114.55,936.22,5476.43,6429.758,668.44
2021-01-21,3853.07,13530.92,3618.35,28756.86,13906.67,3160.84,935.9,5564.97,6413.892,669.62
2021-01-22,3841.47,13543.06,3602.41,28631.45,13873.97,3140.63,935.53,5569.78,6307.127,666.69
2021-01-23,3841.47,13543.06,3602.41,28631.45,13873.97,3140.63,935.53,5569.78,6307.127,666.69
2021-01-24,3841.47,13543.06,3602.41,28631.45,13873.97,3140.63,935.53,5569.78,6307.127,666.69
2021-01-25,3855.36,13635.99,3553.14,28822.29,13643.95,3208.99,936.72,5625.92,6258.572,668.08
2021-01-26,3849.62,13626.06,3592.83,28546.18,13870.99,3140.31,937.74,5512.97,6140.171,666.09
2021-01-27,3750.77,13270.6,3536.38,28635.21,13620.46,3122.56,936.29,5528,6109.168,652.5
2021-01-28,3787.38,13337.16,3557.04,28197.42,13665.93,3069.05,936.45,5377.14,5979.387,654.5
2021-01-29,3714.24,13070.69,3481.44,27663.39,13432.87,2976.21,936.81,5351.96,5862.352,642.91
2021-01-30,3714.24,13070.69,3481.44,27663.39,13432.87,2976.21,936.81,5351.96,5862.352,642.91
2021-01-31,3714.24,13070.69,3481.44,27663.39,13432.87,2976.21,936.81,5351.96,5862.352,642.91
2021-02-01,3773.86,13403.39,3530.85,28091.05,13622.02,3056.53,937.95,5417.65,6067.545,652.54
2021-02-02,3826.31,13612.78,3590.46,28362.17,13835.16,3096.81,938.43,5501.09,6043.841,660.97
2021-02-03,3830.17,13610.54,3609.75,28646.5,13933.63,3129.68,936.08,5485.2,6077.745,662.97
2021-02-04,3871.74,13777.74,3642.12,28341.95,14060.29,3087.55,936.56,5473.95,6107.216,666.76
2021-02-05,3886.83,13856.3,3655.77,28779.19,14056.72,3120.63,939.18,5483.41,6151.729,670.56
2021-02-06,3886.83,13856.3,3655.77,28779.19,14056.72,3120.63,939.18,5483.41,6151.729,670.56
2021-02-07,3886.83,13856.3,3655.77,28779.19,14056.72,3120.63,939.18,5483.41,6151.729,670.56
2021-02-08,3915.59,13987.64,3665.51,29388.5,14059.91,3091.24,938.66,5564.56,6208.866,675.53
2021-02-09,3911.23,14007.7,3661.13,29505.93,14011.8,3084.67,938.39,5686.25,6181.672,676.7
2021-02-10,3909.88,13972.53,3648.37,29562.93,13932.97,3100.58,939.04,5807.72,6201.828,678.06
2021-02-11,3916.38,14025.77,3671.68,29562.93,14040.91,3100.58,940.15,5807.72,6222.521,679.74
2021-02-12,3934.83,14095.47,3695.61,29520.07,14049.89,3100.58,938.79,5807.72,6222.521,682.24
2021-02-13,3934.83,14095.47,3695.61,29520.07,14049.89,3100.58,938.79,5807.72,6222.521,682.24
2021-02-14,3934.83,14095.47,3695.61,29520.07,14049.89,3100.58,938.79,5807.72,6222.521,682.24
2021-02-15,3934.83,14095.47,3734.2,30084.15,14109.48,3147,938.79,5807.72,6270.324,685.08
2021-02-16,3932.59,14047.5,3726.4,30467.75,14064.6,3163.25,929.18,5807.72,6292.396,685.06
2021-02-17,3931.33,13965.5,3699.85,30292.19,13909.27,3133.73,928.02,5807.72,6227.728,682.7
2021-02-18,3913.97,13865.36,3681.04,30236.09,13886.93,3086.66,928.58,5768.38,6200.308,678.67
2021-02-19,3906.71,13874.47,3713.46,30017.92,13993.23,3107.62,925.36,5778.84,6231.932,679.74
2021-02-20,3906.71,13874.47,3713.46,30017.92,13993.23,3107.62,925.36,5778.84,6231.932,679.74
2021-02-21,3906.71,13874.47,3713.46,30017.92,13993.23,3107.62,925.36,5778.84,6231.932,679.74
2021-02-22,3876.5,13533.05,3699.85,30156.03,13950.04,3079.75,916.9,5597.33,6255.312,673.77
2021-02-23,3881.37,13465.2,3689.1,30156.03,13864.81,3070.09,914.46,5579.67,6272.807,674.03
2021-02-24,3925.43,13597.97,3705.99,29671.7,13976,2994.98,915.01,5437.57,6251.054,675.37
2021-02-25,3829.34,13119.43,3685.28,30168.27,13879.33,3099.69,906.55,5469.56,6289.646,667.05
2021-02-26,3811.15,13192.35,3636.44,28966.01,13786.29,3012.95,902.29,5336.76,6241.796,657.15
2021-02-27,3811.15,13192.35,3636.44,28966.01,13786.29,3012.95,902.29,5336.76,6241.796,657.15
2021-02-28,3811.15,13192.35,3636.44,28966.01,13786.29,3012.95,902.29,5336.76,6241.796,657.15
2021-03-01,3901.82,13588.83,3706.62,29663.5,14012.82,3012.95,907.93,5418.78,6338.513,670.52
2021-03-02,3870.29,13358.79,3707.72,29408.17,14039.8,3043.87,907.01,5349.63,6359.205,667.11
2021-03-03,3819.72,12997.75,3712.78,29559.1,14080.03,3082.99,903.95,5452.21,6376.757,662.8
2021-03-04,3768.47,12723.47,3704.85,28930.11,14056.34,3043.49,899.92,5280.71,6290.799,653.36
2021-03-05,3841.94,12920.15,3669.54,28864.32,13920.69,3026.26,890.45,5262.8,6258.749,657.49
2021-03-06,3841.94,12920.15,3669.54,28864.32,13920.69,3026.26,890.45,5262.8,6258.749,657.49
2021-03-07,3841.94,12920.15,3669.54,28864.32,13920.69,3026.26,890.45,5262.8,6258.749,657.49
2021-03-08,3821.35,12609.16,3763.24,28743.25,14380.91,2996.11,879.96,5080.02,6248.465,654.18
2021-03-09,3875.44,13073.82,3786.05,29027.94,14437.94,2976.12,882.39,4971,6199.647,662.99
2021-03-10,3898.81,13068.83,3819.92,29036.56,14540.25,2958.12,887.06,5003.61,6264.679,666.28
2021-03-11,3939.34,13398.67,3845.64,29211.64,14569.39,3013.7,895.19,5128.22,6264.679,674.86
2021-03-12,3943.34,13319.86,3833.36,29717.83,14502.39,3054.39,890.7,5146.38,6358.209,674.47
2021-03-13,3943.34,13319.86,3833.36,29717.83,14502.39,3054.39,890.7,5146.38,6358.209,674.47
2021-03-14,3943.34,13319.86,3833.36,29717.83,14502.39,3054.39,890.7,5146.38,6358.209,674.47
2021-03-15,3968.94,13459.71,3829.84,29766.97,14461.42,3045.71,892.88,5035.54,6324.259,676.99
2021-03-16,3962.71,13471.57,3850.96,29921.09,14557.58,3067.17,898.01,5079.36,6309.699,677.96
2021-03-17,3974.12,13525.2,3849.74,29914.33,14596.61,3047.5,896.03,5100.86,6277.228,678.19
2021-03-18,3915.46,13116.17,3867.54,30216.75,14775.52,3066.01,894.21,5141.77,6347.829,673.38
2021-03-19,3913.1,13215.24,3837.02,29792.05,14621,3039.53,895.51,5007.09,6356.16,671.41
2021-03-20,3913.1,13215.24,3837.02,29792.05,14621,3039.53,895.51,5007.09,6356.16,671.41
2021-03-21,3913.1,13215.24,3837.02,29792.05,14621,3039.53,895.51,5007.09,6356.16,671.41
2021-03-22,3940.59,13377.54,3833.84,29174.15,14657.21,3035.46,889.57,5057.15,6301.131,674.18
2021-03-23,3910.52,13227.7,3827.02,28995.92,14662.02,3004.74,890.04,5009.25,6252.712,668.84
2021-03-24,3889.14,12961.89,3832.55,28405.52,14610.39,2996.35,889.91,4928.69,6156.14,662.83
2021-03-25,3909.52,12977.68,3832.57,28729.88,14621.36,3008.33,889.12,4926.35,6122.876,663.79
2021-03-26,3974.54,13138.72,3866.68,29176.7,14748.94,3041.01,887.29,5037.99,6195.562,673.35
2021-03-27,3974.54,13138.72,3866.68,29176.7,14748.94,3041.01,887.29,5037.99,6195.562,673.35
2021-03-28,3974.54,13138.72,3866.68,29176.7,14748.94,3041.01,887.29,5037.99,6195.562,673.35
2021-03-29,3971.09,13059.65,3882.87,29384.52,14817.72,3036.04,885.52,5046.88,6166.818,672.83
2021-03-30,3958.55,13045.39,3926.2,29432.7,15008.61,3070,881.13,5094.73,6071.442,672.12
2021-03-31,3972.89,13246.87,3919.21,29178.8,15008.34,3061.42,885.29,5048.36,5985.522,673.29
2021-04-01,4019.87,13480.11,3945.96,29388.87,15107.17,3087.4,889.68,5110.78,6011.456,680.47
2021-04-02,4019.87,13480.11,3945.96,29854,15107.17,3112.8,889.68,5161.56,6011.456,681.03
2021-04-03,4019.87,13480.11,3945.96,29854,15107.17,3112.8,889.68,5161.56,6011.456,681.03
2021-04-04,4019.87,13480.11,3945.96,29854,15107.17,3112.8,889.68,5161.56,6011.456,681.03
2021-04-05,4077.91,13705.59,3945.96,30089.25,15107.17,3120.83,889.69,5161.56,5970.286,687.54
2021-04-06,4073.94,13698.38,3970.42,29696.63,15212.68,3127.08,892.16,5140.34,6002.77,688.76
2021-04-07,4079.95,13688.84,3956.77,29730.79,15176.36,3137.41,891.81,5103.74,6036.616,689.24
2021-04-08,4097.17,13829.31,3977.83,29708.98,15202.68,3143.26,893.02,5112.21,6071.724,692.56
2021-04-09,4128.8,13900.19,3978.84,29768.06,15234.16,3131.88,892.45,5035.34,6070.209,694.71
2021-04-10,4128.8,13900.19,3978.84,29768.06,15234.16,3131.88,892.45,5035.34,6070.209,694.71
2021-04-11,4128.8,13900.19,3978.84,29768.06,15234.16,3131.88,892.45,5035.34,6070.209,694.71
2021-04-12,4127.99,13850,3961.9,29538.73,15215,3135.59,892.97,4947.75,5948.569,693.58
2021-04-13,4141.59,13996.1,3966.99,29751.61,15234.36,3169.08,892.19,4939.64,5927.435,695.97
2021-04-14,4124.66,13857.84,3976.28,29620.99,15209.15,3182.38,896.82,4980.63,6050.276,695.84
2021-04-15,4170.42,14038.76,3993.43,29642.69,15255.33,3194.33,901.54,4948.97,6079.501,702.02
2021-04-16,4185.47,14052.34,4032.99,29683.37,15459.75,3198.62,904.34,4966.18,6086.258,704.94
2021-04-17,4185.47,14052.34,4032.99,29683.37,15459.75,3198.62,904.34,4966.18,6086.258,704.94
2021-04-18,4185.47,14052.34,4032.99,29683.37,15459.75,3198.62,904.34,4966.18,6086.258,704.94
2021-04-19,4163.26,13914.77,4019.91,29685.37,15368.39,3198.84,904.77,5087.02,6052.54,702.99
2021-04-20,4134.94,13786.27,3940.46,29100.38,15129.51,3220.7,901.65,5083.37,6038.322,697.04
2021-04-21,4173.42,13950.22,3976.41,28508.55,15195.97,3171.66,901.28,5098.74,5993.242,699.91
2021-04-22,4134.98,13818.41,4014.8,29188.17,15320.52,3177.52,903.16,5089.24,5994.184,698.32
2021-04-23,4180.17,14016.81,4013.34,29020.63,15279.62,3186.1,902.68,5135.45,6016.864,703.72
2021-04-24,4180.17,14016.81,4013.34,29020.63,15279.62,3186.1,902.68,5135.45,6016.864,703.72
2021-04-25,4180.17,14016.81,4013.34,29020.63,15279.62,3186.1,902.68,5135.45,6016.864,703.72
2021-04-26,4187.62,14138.78,4020.83,29126.23,15296.34,3217.53,901.78,5077.24,5964.821,706.32
2021-04-27,4186.72,14090.22,4011.91,28991.89,15249.27,3215.42,900.85,5090.52,5959.621,705.54
2021-04-28,4183.18,14051.03,4015.03,29053.97,15292.18,3181.47,898.95,5119.24,5974.479,705.72
2021-04-29,4211.47,14082.55,3996.9,29053.97,15154.2,3174.07,900.18,5164.17,6012.961,708.07
2021-04-30,4181.17,13962.68,3974.74,28812.63,15135.91,3147.86,902.41,5123.49,5995.616,701.83
2021-05-01,4181.17,13962.68,3974.74,28812.63,15135.91,3147.86,902.41,5123.49,5995.616,701.83
2021-05-02,4181.17,13962.68,3974.74,28812.63,15135.91,3147.86,902.41,5123.49,5995.616,701.83
2021-05-03,4192.66,13895.12,4000.25,28812.63,15236.47,3127.2,901.64,5123.49,5952.597,703.31
2021-05-04,4164.66,13633.5,3924.8,28812.63,14856.48,3147.37,903.03,5123.49,5963.82,697.6
2021-05-05,4167.59,13582.42,4002.79,28812.63,15170.78,3147.37,903.97,5123.49,5975.911,699.63
2021-05-06,4201.62,13632.84,3999.44,29331.37,15196.74,3178.74,907,5061.12,5970.24,704.14
2021-05-07,4232.6,13752.24,4034.25,29357.82,15399.65,3197.2,910.83,4996.05,5928.309,710.36
2021-05-08,4232.6,13752.24,4034.25,29357.82,15399.65,3197.2,910.83,4996.05,5928.309,710.36
2021-05-09,4232.6,13752.24,4034.25,29357.82,15399.65,3197.2,910.83,4996.05,5928.309,710.36
2021-05-10,4188.43,13401.86,4023.35,29518.34,15400.41,3249.3,912.06,4992.42,5975.787,706.5
2021-05-11,4152.1,13389.43,3946.06,28608.59,15119.75,3209.43,908.75,5023.06,5938.351,698.42
2021-05-12,4063.04,13031.68,3947.43,28147.51,15150.22,3161.66,904.45,5044.55,5938.351,686.77
2021-05-13,4112.5,13124.99,3952.45,27448.01,15199.68,3122.11,903.36,4992.97,5938.351,688.54
2021-05-14,4173.85,13429.98,4017.44,28084.47,15416.64,3153.32,908.32,5110.59,5938.351,699.13
2021-05-15,4173.85,13429.98,4017.44,28084.47,15416.64,3153.32,908.32,5110.59,5938.351,699.13
2021-05-16,4173.85,13429.98,4017.44,28084.47,15416.64,3153.32,908.32,5110.59,5938.351,699.13
2021-05-17,4163.29,13379.05,4006.84,27824.83,15396.62,3134.52,910.83,5184.98,5833.86,698.47
2021-05-18,4127.83,13303.64,4005.34,28406.84,15386.58,3173.05,911.84,5187.6,5834.394,698.77
2021-05-19,4115.68,13299.74,3936.74,28044.45,15113.56,3173.05,908.5,5172.27,5760.584,694.7
2021-05-20,4159.12,13535.74,3999.91,28098.25,15370.26,3162.28,910.05,5186.41,5797.597,701.33
2021-05-21,4155.86,13470.99,4025.78,28317.83,15437.51,3156.42,910.31,5134.15,5773.12,701.57
2021-05-22,4155.86,13470.99,4025.78,28317.83,15437.51,3156.42,910.31,5134.15,5773.12,701.57
2021-05-23,4155.86,13470.99,4025.78,28317.83,15437.51,3156.42,910.31,5134.15,5773.12,701.57
2021-05-24,4197.05,13661.17,4035.58,28364.61,15437.51,3144.3,911.29,5155.59,5763.632,706.2
2021-05-25,4188.13,13657.17,4036.04,28553.98,15465.09,3171.32,912.8,5318.48,5815.84,707.26
2021-05-26,4195.99,13738,4031.67,28642.19,15450.72,3168.43,914.86,5320.59,5815.84,708.52
2021-05-27,4200.88,13736.28,4039.21,28549.01,15406.73,3165.51,915.04,5338.23,5841.828,708.92
2021-05-28,4204.11,13748.74,4070.56,29149.41,15519.98,3188.73,915.76,5321.09,5848.616,711.15
2021-05-29,4204.11,13748.74,4070.56,29149.41,15519.98,3188.73,915.76,5321.09,5848.616,711.15
2021-05-30,4204.11,13748.74,4070.56,29149.41,15519.98,3188.73,915.76,5321.09,5848.616,711.15
2021-05-31,4204.11,13748.74,4039.46,28860.08,15421.13,3203.92,915.76,5331.57,5947.463,711.45
2021-06-01,4202.04,13736.48,4071.75,28814.34,15567.36,3221.87,916.6,5341.68,5947.463,713.76
2021-06-02,4208.12,13756.33,4088.5,28946.14,15602.71,3224.23,918.4,5289.97,6031.578,714.42
2021-06-03,4192.85,13614.51,4079.24,29058.11,15632.67,3247.43,916.3,5255.29,6091.513,711.36
2021-06-04,4229.89,13814.49,4089.38,28941.52,15692.9,3240.08,917.56,5282.28,6065.166,716.31
2021-06-05,4229.89,13814.49,4089.38,28941.52,15692.9,3240.08,917.56,5282.28,6065.166,716.31
2021-06-06,4229.89,13814.49,4089.38,28941.52,15692.9,3240.08,917.56,5282.28,6065.166,716.31
2021-06-07,4226.52,13881.72,4097.65,29019.24,15677.15,3252.12,918.07,5277.63,6069.935,717
2021-06-08,4227.26,13924.91,4096.01,28963.56,15640.6,3247.83,921.66,5232.12,5999.369,716.96
2021-06-09,4219.55,13911.75,4096.85,28860.8,15581.14,3216.18,926.64,5236.45,6047.475,715.57
2021-06-10,4239.18,14020.33,4096.07,28958.56,15571.22,3224.64,928.12,5271.47,6107.538,718.23
2021-06-11,4247.44,14069.42,4126.7,28948.73,15693.27,3249.32,931.27,5224.7,6095.497,719.52
2021-06-12,4247.44,14069.42,4126.7,28948.73,15693.27,3249.32,931.27,5224.7,6095.497,719.52
2021-06-13,4247.44,14069.42,4126.7,28948.73,15693.27,3249.32,931.27,5224.7,6095.497,719.52
2021-06-14,4255.15,14174.14,4132.67,29161.8,15673.64,3252.13,928.33,5224.7,6080.384,721.1
2021-06-15,4246.59,14072.86,4143.52,29441.3,15729.52,3258.63,925.82,5166.56,6089.038,720.23
2021-06-16,4223.7,14039.68,4151.76,29291.01,15710.57,3278.68,925.34,5080.49,6078.568,717.84
2021-06-17,4221.86,14161.35,4158.14,29018.33,15727.67,3264.96,925.03,5101.89,6068.447,714.87
2021-06-18,4166.45,14030.38,4083.37,28964.08,15448.04,3267.93,927.56,5102.47,6007.12,705.97
2021-06-19,4166.45,14030.38,4083.37,28964.08,15448.04,3267.93,927.56,5102.47,6007.12,705.97
2021-06-20,4166.45,14030.38,4083.37,28964.08,15448.04,3267.93,927.56,5102.47,6007.12,705.97
2021-06-21,4224.79,14141.48,4112.33,28010.93,15603.24,3240.79,926.41,5090.39,5996.253,711.04
2021-06-22,4246.44,14253.27,4123.13,28884.13,15636.33,3263.88,924.45,5122.16,6087.842,714.74
2021-06-23,4241.84,14271.73,4075.94,28874.89,15456.39,3276.19,924.89,5147.39,6034.543,715.02
2021-06-24,4266.49,14369.71,4122.43,28875.23,15589.23,3286.1,924.39,5155.97,6012.056,718.68
2021-06-25,4280.7,14360.39,4120.66,29066.18,15607.97,3302.84,923.65,5239.97,6022.399,721.91
2021-06-26,4280.7,14360.39,4120.66,29066.18,15607.97,3302.84,923.65,5239.97,6022.399,721.91
2021-06-27,4280.7,14360.39,4120.66,29066.18,15607.97,3302.84,923.65,5239.97,6022.399,721.91
2021-06-28,4290.61,14500.51,4089.91,29048.02,15554.18,3301.89,924.22,5251.76,5939.471,722.05
2021-06-29,4291.8,14528.33,4107.51,28812.61,15690.59,3286.68,924.01,5190.54,5949.05,721.64
2021-06-30,4297.5,14503.95,4064.3,28791.53,15531.04,3296.68,924.41,5224.04,5985.489,719.97
2021-07-01,4319.94,14522.38,4078.89,28707.04,15603.81,3282.06,923.64,5229.66,6005.958,721.82
2021-07-02,4352.34,14639.33,4084.31,28783.28,15650.09,3281.78,924.04,5081.12,6023.008,724.66
2021-07-03,4352.34,14639.33,4084.31,28783.28,15650.09,3281.78,924.04,5081.12,6023.008,724.66
2021-07-04,4352.34,14639.33,4084.31,28783.28,15650.09,3281.78,924.04,5081.12,6023.008,724.66
2021-07-05,4352.34,14639.33,4087.37,28598.19,15661.97,3293.21,924.04,5085.79,6005.609,725.38
2021-07-06,4343.54,14663.64,4052.67,28643.21,15511.38,3305.21,924.77,5083.1,6047.111,723.35
2021-07-07,4358.13,14665.06,4078.53,28366.95,15692.71,3285.34,927.64,5140.49,6044.037,724.41
2021-07-08,4320.82,14559.79,3991.66,28118.03,15420.64,3252.68,928.66,5088.26,6039.896,717.06
2021-07-09,4369.55,14701.92,4068.09,27940.42,15687.93,3217.95,927.29,5069.44,6039.844,723.6
2021-07-10,4369.55,14701.92,4068.09,27940.42,15687.93,3217.95,927.29,5069.44,6039.844,723.6
2021-07-11,4369.55,14701.92,4068.09,27940.42,15687.93,3217.95,927.29,5069.44,6039.844,723.6
2021-07-12,4384.63,14733.24,4093.38,28569.02,15790.51,3246.47,926.98,5132.71,6078.568,727.33
2021-07-13,4369.21,14677.65,4094.56,28718.24,15789.64,3271.38,925.55,5142.1,6012.032,726.33
2021-07-14,4374.3,14644.95,4099.5,28608.49,15788.98,3264.81,927.45,5083.08,5979.215,726.09
2021-07-15,4360.03,14543.13,4056.39,28279.09,15629.66,3286.22,930.99,5151.46,6046.754,723.66
2021-07-16,4327.16,14427.24,4035.77,28003.08,15540.31,3276.91,931.96,5094.77,6072.51,719.17
2021-07-17,4327.16,14427.24,4035.77,28003.08,15540.31,3276.91,931.96,5094.77,6072.51,719.17
2021-07-18,4327.16,14427.24,4035.77,28003.08,15540.31,3276.91,931.96,5094.77,6072.51,719.17
2021-07-19,4258.49,14274.98,3928.53,27652.74,15133.2,3244.04,932.88,5113.5,6017.394,707.42
2021-07-20,4323.06,14498.88,3956.34,27388.16,15216.27,3232.7,933.06,5108.99,6017.394,713.3
2021-07-21,4358.69,14631.95,4026.68,27548,15422.5,3215.91,930.83,5144.04,6029.976,719.78
2021-07-22,4367.48,14684.6,4059.05,27548,15514.54,3250.21,931.1,5151.75,6137.547,722.8
2021-07-23,4411.79,14836.99,4109.1,27548,15669.29,3254.42,931.17,5089.23,6101.69,727.13
2021-07-24,4411.79,14836.99,4109.1,27548,15669.29,3254.42,931.17,5089.23,6101.69,727.13
2021-07-25,4411.79,14836.99,4109.1,27548,15669.29,3254.42,931.17,5089.23,6101.69,727.13
2021-07-26,4422.3,14840.71,4102.59,27833.29,15618.98,3224.95,930.89,4925.3,6106.394,726.67
2021-07-27,4401.46,14660.58,4064.83,27970.22,15519.13,3232.53,929.24,4751.31,6097.049,722.41
2021-07-28,4400.64,14762.58,4103.03,27581.66,15570.36,3236.86,927.27,4760.48,6088.523,723.61
2021-07-29,4419.15,14778.26,4116.77,27782.42,15640.47,3242.65,929.55,4850.27,6120.727,729.68
2021-07-30,4395.26,14672.68,4089.3,27283.59,15544.39,3202.32,930.24,4811.17,6070.039,724.21
2021-07-31,4395.26,14672.68,4089.3,27283.59,15544.39,3202.32,930.24,4811.17,6070.039,724.21
2021-08-01,4395.26,14672.68,4089.3,27283.59,15544.39,3202.32,930.24,4811.17,6070.039,724.21
2021-08-02,4387.16,14681.07,4116.62,27781.02,15568.73,3223.04,933.23,4933.74,6096.543,726.88
2021-08-03,4423.15,14761.29,4117.95,27641.83,15555.08,3237.14,934.56,4934.46,6130.571,730.15
2021-08-04,4402.66,14780.53,4144.9,27584.08,15692.13,3280.38,935.74,4978.85,6159.035,729.43
2021-08-05,4429.1,14895.12,4161.08,27728.12,15744.67,3276.13,936.06,4948.67,6205.417,732.57
2021-08-06,4436.52,14835.76,4174.54,27820.04,15761.45,3270.36,932.5,4921.56,6203.431,731.19
2021-08-07,4436.52,14835.76,4174.54,27820.04,15761.45,3270.36,932.5,4921.56,6203.431,731.19
2021-08-08,4436.52,14835.76,4174.54,27820.04,15761.45,3270.36,932.5,4921.56,6203.431,731.19
2021-08-09,4432.35,14860.18,4177.15,27820.04,15745.41,3260.42,930.26,4985.56,6127.456,731.1
2021-08-10,4436.75,14788.09,4187.82,27888.15,15770.71,3243.19,929.64,5043.15,6088.408,732.02
2021-08-11,4447.7,14765.13,4206.33,28070.51,15826.09,3220.62,928.37,5015.34,6088.408,734.01
2021-08-12,4460.83,14816.26,4226.33,28015.02,15937.51,3208.38,930.63,4973.35,6139.652,734.75
2021-08-13,4468,14822.9,4229.7,27977.15,15977.44,3171.29,931.78,4945.98,6139.492,736.02
2021-08-14,4468,14822.9,4229.7,27977.15,15977.44,3171.29,931.78,4945.98,6139.492,736.02
2021-08-15,4468,14822.9,4229.7,27977.15,15977.44,3171.29,931.78,4945.98,6139.492,736.02
2021-08-16,4479.71,14793.76,4202.44,27523.19,15925.73,3171.29,932.89,4941.07,6087.913,734.78
2021-08-17,4448.08,14656.18,4196.4,27424.47,15921.95,3143.09,933.65,4837.4,6087.913,729.13
2021-08-18,4400.27,14525.91,4189.42,27585.91,15965.97,3158.93,933.19,4894.24,6118.15,724.93
2021-08-19,4405.8,14541.79,4124.71,27281.17,15765.81,3097.83,932.58,4862.14,5992.322,719.88
2021-08-20,4441.67,14714.66,4147.5,27013.25,15808.04,3060.51,933.16,4769.27,6030.772,722.58
2021-08-21,4441.67,14714.66,4147.5,27013.25,15808.04,3060.51,933.16,4769.27,6030.772,722.58
2021-08-22,4441.67,14714.66,4147.5,27013.25,15808.04,3060.51,933.16,4769.27,6030.772,722.58
2021-08-23,4479.53,14942.65,4176.42,27494.24,15852.79,3090.21,934.48,4835.88,6109.828,730.48
2021-08-24,4486.23,15019.8,4178.08,27732.1,15905.85,3138.3,936.54,4888.39,6089.497,734.64
2021-08-25,4496.19,15041.86,4181.12,27724.8,15860.66,3146.81,936.94,4898.16,6113.24,735.79
2021-08-26,4470,14945.81,4169.87,27742.29,15793.62,3128.53,936.71,4801.61,6058.08,731.94
2021-08-27,4509.37,15129.5,4190.98,27641.14,15851.75,3133.9,939.04,4827.04,6041.366,737.24
2021-08-28,4509.37,15129.5,4190.98,27641.14,15851.75,3133.9,939.04,4827.04,6041.366,737.24
2021-08-29,4509.37,15129.5,4190.98,27641.14,15851.75,3133.9,939.04,4827.04,6041.366,737.24
2021-08-30,4528.79,15265.89,4198.8,27789.29,15887.31,3144.19,942.46,4813.27,6144.902,740.79
2021-08-31,4522.68,15259.24,4196.41,28089.54,15835.09,3199.27,943.04,4805.61,6150.299,741.27
2021-09-01,4524.09,15309.38,4227.27,28451.02,15824.29,3207.02,943.45,4869.46,6090.933,743.67
2021-09-02,4536.95,15331.18,4232.1,28543.51,15840.59,3175.85,945.1,4869.41,6078.229,745.67
2021-09-03,4535.43,15363.52,4201.98,29128.11,15781.2,3201.06,943.8,4843.06,6126.921,746.46
2021-09-04,4535.43,15363.52,4201.98,29128.11,15781.2,3201.06,943.8,4843.06,6126.921,746.46
2021-09-05,4535.43,15363.52,4201.98,29128.11,15781.2,3201.06,943.8,4843.06,6126.921,746.46
2021-09-06,4535.43,15363.52,4246.13,29659.89,15932.12,3203.33,943.8,4933.73,6126.938,748.21
2021-09-07,4520.03,15374.33,4225.01,29916.14,15843.09,3187.42,942.5,4992.83,6112.4,746.07
2021-09-08,4514.07,15286.64,4177.15,30181.21,15610.28,3162.99,941.03,4972.13,6026.02,742.77
2021-09-09,4493.28,15248.25,4177.11,30008.19,15623.15,3114.7,941.55,4970.01,6068.219,739.58
2021-09-10,4458.58,15115.49,4170.35,30381.84,15609.81,3125.76,941.33,5013.52,6094.873,737.28
2021-09-11,4458.58,15115.49,4170.35,30381.84,15609.81,3125.76,941.33,5013.52,6094.873,737.28
2021-09-12,4458.58,15115.49,4170.35,30381.84,15609.81,3125.76,941.33,5013.52,6094.873,737.28
2021-09-13,4468.73,15105.58,4189.53,30447.37,15701.42,3127.86,942.68,4991.66,6088.157,737.62
2021-09-14,4443.05,15037.76,4191.67,30670.1,15722.99,3148.83,942.41,4917.16,6129.095,735.17
2021-09-15,4480.7,15161.53,4145.94,30511.71,15616,3153.4,943.79,4867.32,6110.229,737.08
2021-09-16,4473.75,15181.92,4169.87,30323.34,15651.75,3130.09,942.17,4807.7,6109.942,735.21
2021-09-17,4432.99,15043.97,4130.84,30500.05,15490.17,3140.51,939.06,4855.94,6133.246,729.99
2021-09-18,4432.99,15043.97,4130.84,30500.05,15490.17,3140.51,939.06,4855.94,6133.246,729.99
2021-09-19,4432.99,15043.97,4130.84,30500.05,15490.17,3140.51,939.06,4855.94,6133.246,729.99
2021-09-20,4357.73,14713.9,4043.63,30500.05,15132.06,3140.51,933.89,4855.94,6076.315,718.09
2021-09-21,4354.19,14746.4,4097.51,29839.71,15348.53,3140.51,934.42,4855.94,6060.757,719.02
2021-09-22,4395.64,14896.85,4150.19,29639.4,15506.74,3140.51,933.43,4821.77,6108.265,724.24
2021-09-23,4448.98,15052.24,4194.92,29639.4,15643.97,3127.58,931.19,4853.2,6142.712,731.56
2021-09-24,4455.48,15047.7,4158.51,30248.81,15531.75,3125.24,923.52,4849.43,6144.815,730.46
2021-09-25,4455.48,15047.7,4158.51,30248.81,15531.75,3125.24,923.52,4849.43,6144.815,730.46
2021-09-26,4455.48,15047.7,4158.51,30248.81,15531.75,3125.24,923.52,4849.43,6144.815,730.46
2021-09-27,4443.11,14969.97,4165.48,30240.06,15573.88,3133.64,919.73,4877.37,6122.495,728.96
2021-09-28,4352.63,14546.68,4058.82,30183.96,15248.56,3097.92,914.46,4883.83,6113.112,715.46
2021-09-29,4359.46,14512.44,4080.22,29544.29,15365.27,3060.27,915.78,4833.93,6162.554,713.99
2021-09-30,4307.54,14448.58,4048.08,29452.66,15260.69,3068.82,914.13,4866.38,6286.943,709.51
2021-10-01,4357.04,14566.7,4035.3,28771.07,15156.44,3019.18,913.83,4866.38,6228.845,712.44
2021-10-02,4357.04,14566.7,4035.3,28771.07,15156.44,3019.18,913.83,4866.38,6228.845,712.44
2021-10-03,4357.04,14566.7,4035.3,28771.07,15156.44,3019.18,913.83,4866.38,6228.845,712.44
2021-10-04,4300.46,14255.48,3996.41,28444.89,15036.55,3019.18,912.77,4866.38,6342.686,705.53
2021-10-05,4345.72,14433.83,4065.43,27822.12,15194.49,2962.17,911.15,4866.38,6288.049,710.38
2021-10-06,4363.55,14501.91,4012.65,27528.87,14973.33,2908.31,908.45,4866.38,6417.323,709.69
2021-10-07,4399.76,14654.02,4098.34,27678.21,15250.86,2959.46,911.82,4866.38,6416.396,717.83
2021-10-08,4391.34,14579.54,4073.29,28048.94,15206.13,2956.3,908.78,4929.94,6481.769,717.49
2021-10-09,4391.34,14579.54,4073.29,28048.94,15206.13,2956.3,908.78,4929.94,6481.769,717.49
2021-10-10,4391.34,14579.54,4073.29,28048.94,15206.13,2956.3,908.78,4929.94,6481.769,717.49
2021-10-11,4361.19,14486.2,4072.52,28498.2,15199.14,2956.3,908.78,4936.19,6459.697,715.55
2021-10-12,4350.65,14465.92,4055.09,28230.61,15146.87,2916.38,906.56,4883.84,6486.267,713.31
2021-10-13,4363.8,14571.63,4083.28,28140.28,15249.38,2944.41,910.71,4940.11,6536.904,716.73
2021-10-14,4438.26,14823.43,4149.06,28550.93,15462.72,2988.64,914.17,4913.61,6626.114,726.63
2021-10-15,4471.37,14897.34,4182.91,29068.63,15587.36,3015.06,915.22,4932.11,6633.338,732.95
2021-10-16,4471.37,14897.34,4182.91,29068.63,15587.36,3015.06,915.22,4932.11,6633.338,732.95
2021-10-17,4471.37,14897.34,4182.91,29068.63,15587.36,3015.06,915.22,4932.11,6633.338,732.95
2021-10-18,4486.46,15021.81,4151.4,29025.46,15474.47,3006.68,912.89,4874.77,6658.768,733.85
2021-10-19,4519.63,15129.09,4166.83,29215.52,15515.83,3029.04,913.98,4922.72,6655.998,739.24
2021-10-20,4536.19,15121.68,4172.17,29255.55,15522.92,3013.13,912.96,4910.18,6655.998,742.08
2021-10-21,4549.78,15215.7,4155.73,28708.58,15472.56,3007.33,908.7,4928.02,6632.972,742.49
2021-10-22,4544.9,15090.2,4188.81,28804.85,15542.98,3006.16,908.86,4959.73,6643.738,742.26
2021-10-23,4544.9,15090.2,4188.81,28804.85,15542.98,3006.16,908.86,4959.73,6643.738,742.26
2021-10-24,4544.9,15090.2,4188.81,28804.85,15542.98,3006.16,908.86,4959.73,6643.738,742.26
2021-10-25,4566.48,15226.71,4188.31,28600.41,15599.23,3020.54,910.05,4979.52,6625.697,744.35
2021-10-26,4574.79,15235.71,4223.97,29106.01,15757.06,3049.08,912.66,4963.1,6656.937,745.84
2021-10-27,4551.68,15235.84,4220.88,29098.24,15705.81,3025.49,917.08,4898.16,6602.209,741.75
2021-10-28,4596.42,15448.12,4233.87,28820.09,15696.33,3009.55,916.08,4864.14,6524.076,746.98
2021-10-29,4605.38,15498.39,4250.56,28892.69,15688.77,2970.68,912.96,4908.77,6591.346,745.23
2021-10-30,4605.38,15498.39,4250.56,28892.69,15688.77,2970.68,912.96,4908.77,6591.346,745.23
2021-10-31,4605.38,15498.39,4250.56,28892.69,15688.77,2970.68,912.96,4908.77,6591.346,745.23
2021-11-01,4613.67,15595.92,4280.47,29647.08,15806.29,2978.94,910.17,4890.69,6552.889,748.5
2021-11-02,4630.65,15649.6,4296.22,29520.9,15954.45,3013.49,909.69,4839.85,6493.275,749.53
2021-11-03,4660.57,15811.58,4309.61,29520.9,15959.98,2975.71,911.04,4821.11,6552.13,752.89
2021-11-04,4680.06,15940.31,4333.34,29794.37,16029.65,2983.22,914.97,4868.74,6586.443,755.85
2021-11-05,4697.53,15971.59,4363.04,29611.57,16054.36,2969.27,921.43,4842.35,6581.785,757.13
2021-11-06,4697.53,15971.59,4363.04,29611.57,16054.36,2969.27,921.43,4842.35,6581.785,757.13
2021-11-07,4697.53,15971.59,4363.04,29611.57,16054.36,2969.27,921.43,4842.35,6581.785,757.13
2021-11-08,4701.7,15982.36,4352.53,29507.05,16046.52,2960.2,923.91,4848.18,6632.297,758.57
2021-11-09,4685.25,15886.54,4344.63,29285.46,16040.47,2962.46,924.75,4846.74,6669.925,756.81
2021-11-10,4646.71,15622.71,4348.82,29106.78,16067.83,2930.17,920.79,4821.19,6683.145,751.46
2021-11-11,4649.27,15704.28,4358,29277.86,16083.11,2924.92,920.79,4898.65,6691.342,752.02
2021-11-12,4682.85,15860.96,4370.33,29609.97,16094.07,2968.8,915.51,4888.38,6651.054,756.83
2021-11-13,4682.85,15860.96,4370.33,29609.97,16094.07,2968.8,915.51,4888.38,6651.054,756.83
2021-11-14,4682.85,15860.96,4370.33,29609.97,16094.07,2968.8,915.51,4888.38,6651.054,756.83
2021-11-15,4682.8,15853.85,4386.19,29776.8,16148.64,2999.52,915.54,4882.38,6616.029,757.47
2021-11-16,4700.9,15973.86,4401.49,29808.12,16247.86,2997.21,911.61,4883.32,6651.207,758.86
2021-11-17,4688.67,15921.57,4400.81,29688.33,16251.13,2962.42,910.17,4885.75,6675.804,756.35
2021-11-18,4704.54,15993.71,4383.7,29598.66,16221.73,2947.38,910.09,4837.62,6636.469,756.58
2021-11-19,4697.96,16057.44,4356.47,29745.87,16159.97,2971.02,912.42,4890.06,6720.263,754.92
2021-11-20,4697.96,16057.44,4356.47,29745.87,16159.97,2971.02,912.42,4890.06,6720.263,754.92
2021-11-21,4697.96,16057.44,4356.47,29745.87,16159.97,2971.02,912.42,4890.06,6720.263,754.92
2021-11-22,4682.94,15854.76,4338.69,29774.11,16115.69,3013.25,907.88,4912.4,6723.386,750.57
2021-11-23,4690.7,15775.14,4283.82,29774.11,15937,2997.33,898.72,4913.35,6677.876,749.2
2021-11-24,4701.46,15845.23,4276.25,29302.66,15878.39,2994.29,897.74,4916.66,6683.277,749.3
2021-11-25,4701.46,15845.23,4293.24,29499.28,15917.98,2980.27,897.74,4896.44,6699.346,750.3
2021-11-26,4594.62,15491.66,4089.58,28751.62,15257.04,2936.44,892.43,4860.13,6561.553,733.53
2021-11-27,4594.62,15491.66,4089.58,28751.62,15257.04,2936.44,892.43,4860.13,6561.553,733.53
2021-11-28,4594.62,15491.66,4089.58,28751.62,15257.04,2936.44,892.43,4860.13,6561.553,733.53
2021-11-29,4655.27,15782.83,4109.51,28283.92,15280.86,2909.32,892.57,4851.42,6608.29,738.18
2021-11-30,4567,15537.69,4063.06,27821.76,15100.13,2839.01,894.76,4832.03,6533.932,726.53
2021-12-01,4513.04,15254.05,4179.15,27935.62,15472.67,2899.72,900.29,4843.85,6507.677,724.65
2021-12-02,4577.1,15381.32,4108.02,27753.37,15263.11,2945.27,904.77,4856.16,6583.82,730.1
2021-12-03,4538.43,15085.47,4080.15,28029.57,15169.98,2968.33,908.43,4901.02,6538.506,724.18
2021-12-04,4538.43,15085.47,4080.15,28029.57,15169.98,2968.33,908.43,4901.02,6538.506,724.18
2021-12-05,4538.43,15085.47,4080.15,28029.57,15169.98,2968.33,908.43,4901.02,6538.506,724.18
2021-12-06,4591.67,15225.15,4137.11,27927.37,15380.79,2973.25,909.6,4892.62,6547.116,729.85
2021-12-07,4686.75,15686.92,4276.2,28455.6,15813.94,2991.72,915.3,4922.1,6602.569,745.21
2021-12-08,4701.21,15786.99,4233.09,28860.62,15687.09,3001.8,915.94,4995.93,6603.798,748.11
2021-12-09,4667.45,15517.37,4208.3,28725.47,15639.26,3029.57,915.84,5078.69,6643.932,743.61
2021-12-10,4712.02,15630.6,4199.16,28437.77,15623.31,3010.23,913.88,5055.12,6652.922,746.26
2021-12-11,4712.02,15630.6,4199.16,28437.77,15623.31,3010.23,913.88,5055.12,6652.922,746.26
2021-12-12,4712.02,15630.6,4199.16,28437.77,15623.31,3010.23,913.88,5055.12,6652.922,746.26
2021-12-13,4668.97,15413.28,4183.04,28640.49,15621.72,3001.66,914.09,5083.8,6662.871,740.27
2021-12-14,4634.09,15237.64,4144.51,28432.64,15453.56,2987.95,913.9,5049.7,6615.637,734.72
2021-12-15,4709.85,15565.58,4159.68,28459.72,15476.35,2989.39,912.46,5005.9,6626.257,741.88
2021-12-16,4668.67,15180.43,4201.87,29066.32,15636.4,3006.41,912.63,5034.73,6594.798,740.91
2021-12-17,4620.64,15169.68,4161.35,28545.68,15531.69,3017.73,908.82,4954.76,6601.932,734.67
2021-12-18,4620.64,15169.68,4161.35,28545.68,15531.69,3017.73,908.82,4954.76,6601.932,734.67
2021-12-19,4620.64,15169.68,4161.35,28545.68,15531.69,3017.73,908.82,4954.76,6601.932,734.67
2021-12-20,4568.02,14980.94,4107.13,27937.81,15239.67,2963,902.71,4880.42,6547.112,724.73
2021-12-21,4649.23,15341.09,4174.99,28517.59,15447.44,2975.03,903.19,4913.49,6554.309,736.41
2021-12-22,4696.56,15521.89,4217.06,28562.21,15593.47,2984.48,903.92,4914.46,6529.593,743.33
2021-12-23,4725.79,15653.37,4265.86,28798.37,15756.31,2998.17,906.7,4948.74,6555.551,748.66
2021-12-24,4725.79,15653.37,4255.01,28782.59,15756.31,3012.43,906.7,4921.35,6562.9,748.88
2021-12-25,4725.79,15653.37,4255.01,28782.59,15756.31,3012.43,906.7,4921.35,6562.9,748.88
2021-12-26,4725.79,15653.37,4255.01,28782.59,15756.31,3012.43,906.7,4921.35,6562.9,748.88
2021-12-27,4791.19,15871.26,4287.98,28676.46,15835.25,2999.55,907.26,4919.32,6575.444,755.36
2021-12-28,4786.35,15781.72,4311.93,29069.16,15963.7,3020.24,908.52,4955.96,6598.343,756.06
2021-12-29,4793.06,15766.22,4284.83,28906.88,15852.25,2993.29,909.12,4883.48,6600.677,756.4
2021-12-30,4778.73,15741.56,4306.07,28791.71,15884.86,2977.65,910.01,4921.51,6581.482,755.3
2021-12-31,4766.18,15644.97,4298.41,28791.71,15884.86,2977.65,911.05,4940.37,6581.482,754.83
2022-01-01,4766.18,15644.97,4298.41,28791.71,15884.86,2977.65,911.05,4940.37,6581.482,754.83
2022-01-02,4766.18,15644.97,4298.41,28791.71,15884.86,2977.65,911.05,4940.37,6581.482,754.83
2022-01-03,4796.56,15832.8,4331.82,28791.71,16020.73,2988.77,908.14,4940.37,6665.308,756.94
2022-01-04,4793.54,15622.72,4367.62,29301.79,16152.61,2989.24,902.54,4917.77,6695.373,758.43
2022-01-05,4700.58,15100.17,4392.15,29332.16,16271.75,2953.97,900.41,4868.12,6662.299,748.24
2022-01-06,4696.05,15080.87,4324.81,28487.87,16052.03,2920.53,891.64,4818.23,6653.351,744.03
2022-01-07,4677.03,14935.9,4305.83,28478.56,15947.74,2954.89,888.36,4822.37,6701.316,743.18
2022-01-08,4677.03,14935.9,4305.83,28478.56,15947.74,2954.89,888.36,4822.37,6701.316,743.18
2022-01-09,4677.03,14935.9,4305.83,28478.56,15947.74,2954.89,888.36,4822.37,6701.316,743.18
2022-01-10,4670.29,14942.83,4239.52,28478.56,15768.27,2926.72,882.98,4844.05,6691.124,741.24
